{"train_history": [0.583832859992981, 0.5608938932418823, 0.5533719658851624, 0.5480893850326538, 0.5394700169563293, 0.53177809715271, 0.5241658091545105, 0.516246497631073, 0.5094732046127319, 0.50136798620224, 0.49047428369522095, 0.478261262178421, 0.46331414580345154, 0.4453922212123871, 0.42966383695602417, 0.41911453008651733, 0.40775465965270996, 0.4003324806690216, 0.39212849736213684, 0.3844144642353058, 0.3763919770717621, 0.36944228410720825, 0.3626132905483246, 0.35606858134269714, 0.3510780334472656, 0.3461260497570038, 0.3398985266685486, 0.3330470621585846, 0.3294091522693634, 0.3234105110168457, 0.3216363787651062, 0.3155188262462616, 0.31046226620674133, 0.3048163950443268, 0.298386812210083, 0.2949995696544647, 0.2930283546447754, 0.28898921608924866, 0.2828611135482788, 0.28246578574180603, 0.2760161757469177, 0.2745131850242615, 0.2661204934120178, 0.2650502622127533, 0.2609681487083435, 0.2577933073043823, 0.25478595495224, 0.24859113991260529, 0.24257713556289673, 0.24188075959682465, 0.23771503567695618, 0.23727001249790192, 0.23628458380699158, 0.23832356929779053, 0.23349928855895996, 0.22946149110794067, 0.22449447214603424, 0.21863478422164917, 0.21792839467525482, 0.21356649696826935, 0.21354520320892334, 0.21154269576072693, 0.20776723325252533, 0.2007340043783188, 0.19776087999343872, 0.19551850855350494, 0.19440776109695435, 0.1885620355606079, 0.18524204194545746, 0.1837300956249237], "val_history": [0.5653839707374573, 0.5543217658996582, 0.5589090585708618, 0.5455291867256165, 0.5304627418518066, 0.5313476324081421, 0.5275536179542542, 0.5104529857635498, 0.5101863145828247, 0.49779173731803894, 0.48717620968818665, 0.4772655963897705, 0.4580064117908478, 0.44452965259552, 0.43262460827827454, 0.42452698945999146, 0.41400858759880066, 0.411080926656723, 0.4069989323616028, 0.4025243818759918, 0.3929328918457031, 0.3931627869606018, 0.39006659388542175, 0.3899770677089691, 0.38111773133277893, 0.38385215401649475, 0.3793870508670807, 0.3788156807422638, 0.37242811918258667, 0.3697636127471924, 0.37776878476142883, 0.3680145740509033, 0.37195903062820435, 0.3656964600086212, 0.3668126165866852, 0.36440351605415344, 0.3666868507862091, 0.3616454005241394, 0.36903589963912964, 0.3646053969860077, 0.3640888035297394, 0.36338427662849426, 0.361289381980896, 0.36336565017700195, 0.36095353960990906, 0.3603304624557495, 0.35976511240005493, 0.36231130361557007, 0.36166971921920776, 0.3555183708667755, 0.3639746308326721, 0.3645752966403961, 0.3583647906780243, 0.36119359731674194, 0.36486271023750305, 0.36154499650001526, 0.36045581102371216, 0.3592720329761505, 0.36187300086021423, 0.3617643117904663, 0.36013832688331604, 0.3634333312511444, 0.3620370328426361, 0.36497679352760315, 0.3610113561153412, 0.35902854800224304, 0.36442315578460693, 0.36110368371009827, 0.36677858233451843, 0.3658349812030792], "f1_history": [0.019112418729768963, 0.02615729926214942, 0.03227606130710752, 0.04532697716008927, 0.06031692512993256, 0.0754406782865935, 0.09212360499230209, 0.10585362818597983, 0.12172483571778184, 0.1438446513758073, 0.16383177327331613, 0.19018921013922108, 0.22364915710894376, 0.2536444667578093, 0.28321552033947167, 0.29583370105658097, 0.3205944576359836, 0.3239178774171042, 0.3353451603695784, 0.34207010227560103, 0.36683674369178315, 0.36888314804319244, 0.3739482095866973, 0.3750691002482876, 0.3956160047130793, 0.3891671316955797, 0.4013639853106763, 0.40302603192841524, 0.4201394463392469, 0.41971335517846436, 0.40791313373758953, 0.43080502218628386, 0.41802611839365156, 0.43316841093310515, 0.4409205365412174, 0.43571326097758695, 0.43028082633314957, 0.4440870767075714, 0.4301078835834662, 0.4395277663184442, 0.44345783070764383, 0.44504186151590697, 0.4466375069287652, 0.44452529238071004, 0.45200813235227544, 0.4545724542314986, 0.4559823872779456, 0.45555242786654543, 0.4548621109959798, 0.4640044252300495, 0.4545917688074272, 0.4505990356577592, 0.4600050095393873, 0.45609005740090985, 0.4514464258860099, 0.4568689616826546, 0.46324207389672944, 0.463667924611005, 0.46393511955704536, 0.46322567245625107, 0.46894005920207354, 0.46282776363151346, 0.46847701422573423, 0.4672772862668698, 0.4715940046720423, 0.4788151289667373, 0.46746784103695, 0.47232916300085565, 0.46977248075583683, 0.4676373259053911]}