{"train_history": [0.4977426528930664, 0.4927850067615509, 0.48929113149642944, 0.4855950176715851, 0.48158931732177734, 0.4774424135684967, 0.4729292392730713, 0.4675714373588562, 0.4627703130245209, 0.4583945870399475, 0.4539986848831177, 0.449553519487381, 0.4449477195739746, 0.4403842091560364, 0.4351414442062378, 0.42895448207855225, 0.42322710156440735, 0.41746413707733154, 0.4118536710739136, 0.40580350160598755, 0.3981897532939911, 0.39161059260368347, 0.38408493995666504], "val_history": [0.49543166160583496, 0.4915435016155243, 0.48840323090553284, 0.48498764634132385, 0.48169663548469543, 0.4783226549625397, 0.4741190969944, 0.4692990183830261, 0.4668140113353729, 0.4629780352115631, 0.4621211588382721, 0.4588010609149933, 0.45653200149536133, 0.45488694310188293, 0.45246168971061707, 0.44969168305397034, 0.4493449926376343, 0.4474966824054718, 0.4458097815513611, 0.4434676468372345, 0.4439089894294739, 0.4437696039676666, 0.443782240152359], "f1_history": [0.02414513482075233, 0.03911094830655295, 0.05680895870235581, 0.07145182494273405, 0.0948709884669447, 0.11474574250979001, 0.12456605014504388, 0.13407498922511, 0.16196750628760373, 0.16775812668876464, 0.17241520186198395, 0.18578240930834228, 0.19460961394880957, 0.19814979604756383, 0.21070640719500214, 0.21636118516409986, 0.2269738188296013, 0.23065977869431162, 0.23833160611335025, 0.247770179339244, 0.24542312672545258, 0.2564339830651247, 0.25737906922857595]}