{"train_history": [1.1997591257095337, 1.1956830024719238, 1.1772631406784058, 1.1588143110275269, 1.146264672279358, 1.1362699270248413, 1.127000331878662, 1.1190729141235352, 1.1106696128845215, 1.1022030115127563, 1.0938427448272705, 1.0849666595458984, 1.0776721239089966, 1.0699350833892822, 1.0627368688583374, 1.055127739906311, 1.0475151538848877, 1.040067434310913, 1.031796932220459, 1.0239901542663574, 1.0144802331924438, 1.0068893432617188, 0.9979171752929688, 0.988667368888855, 0.9802399277687073], "val_history": [1.1992357969284058, 1.1873751878738403, 1.1668579578399658, 1.1503022909164429, 1.1409116983413696, 1.133194088935852, 1.1279964447021484, 1.1204497814178467, 1.1207358837127686, 1.107754111289978, 1.101820468902588, 1.0963773727416992, 1.095453143119812, 1.091217041015625, 1.0932223796844482, 1.0904182195663452, 1.082883358001709, 1.0817573070526123, 1.080747365951538, 1.0770423412322998, 1.0775521993637085, 1.0760903358459473, 1.0801026821136475, 1.077151894569397, 1.0764988660812378], "f1_history": [0.0027738787761705614, 0.011410060268979796, 0.04069600618618425, 0.06588095168928843, 0.08388552462939876, 0.09630365320007965, 0.09828068831998751, 0.1082867086146119, 0.11029997006739031, 0.12949824780839522, 0.1331938671124919, 0.14560685148330893, 0.15476256207903819, 0.14955523257377676, 0.15537120097868204, 0.16101964110845812, 0.164632676013015, 0.16587713118538117, 0.16572460009021625, 0.17264364157959575, 0.17448986434170158, 0.17689422243614766, 0.17427748288947717, 0.1831943202454931, 0.1799693229247942]}