{"train_history": [4.27095890045166, 3.700807571411133, 3.3711774349212646, 3.1370298862457275, 2.944005012512207, 2.77386212348938, 2.6152262687683105, 2.465541362762451, 2.3063442707061768, 2.1560211181640625, 1.9907691478729248], "val_history": [3.9130775928497314, 3.5509684085845947, 3.315277338027954, 3.156299352645874, 3.0376667976379395, 2.9894278049468994, 2.961836099624634, 2.9196300506591797, 2.9569926261901855, 2.993928909301758, 3.1171019077301025], "f1_history": [0.0732222592981456, 0.13433837352002445, 0.190333572241533, 0.2270152594514577, 0.250945490005269, 0.26113747097703216, 0.2720125153450223, 0.27845690328083267, 0.2852275967106117, 0.29135549327662735, 0.2826925786663307]}