{"train_history": [0.4260008633136749, 0.3287545442581177, 0.2646099627017975, 0.22670473158359528, 0.19706439971923828, 0.17778383195400238, 0.1573636382818222, 0.144060418009758, 0.13238993287086487, 0.11976277828216553, 0.1085820198059082, 0.10089462250471115, 0.09088176488876343, 0.08399882912635803, 0.07816213369369507, 0.07167794555425644, 0.06665506213903427, 0.057639360427856445, 0.05450465530157089, 0.048952315002679825, 0.04770015925168991, 0.042879972606897354, 0.03925999626517296, 0.03747234493494034, 0.03314907103776932, 0.03229440748691559, 0.03033224307000637, 0.03000565618276596, 0.027359411120414734, 0.02486872673034668], "val_history": [0.33151400089263916, 0.2779219150543213, 0.22669881582260132, 0.21348418295383453, 0.18643926084041595, 0.16800644993782043, 0.16111613810062408, 0.16463758051395416, 0.15281908214092255, 0.1422368288040161, 0.13722166419029236, 0.14393286406993866, 0.14342549443244934, 0.13369181752204895, 0.12746360898017883, 0.13484938442707062, 0.12981069087982178, 0.1247602179646492, 0.11646619439125061, 0.12505656480789185, 0.12544763088226318, 0.12355822324752808, 0.12723934650421143, 0.13158461451530457, 0.11974583566188812, 0.12220499664545059, 0.12387401610612869, 0.1160983145236969, 0.12049897015094757, 0.12066890299320221], "f1_history": [0.5023345186238216, 0.6016348937800341, 0.6824345815027825, 0.7004065942824593, 0.738480330757013, 0.7630972692273655, 0.7795995992555268, 0.7745675587034554, 0.786254657199096, 0.80091740732289, 0.8155738047808179, 0.8062416227845949, 0.8077419904980958, 0.8253692718750401, 0.8323520965033105, 0.8212934465125685, 0.8283819530688938, 0.8316549516777703, 0.8436490783398496, 0.8385642346087762, 0.8326820510754914, 0.8362371138435659, 0.833363314309464, 0.8296605239419602, 0.8430208390253362, 0.8422333588861114, 0.8418656452051299, 0.8445335495437027, 0.8450978061459025, 0.8438386666211986]}