{"train_history": [0.5870288610458374], "val_history": [0.5902405977249146], "f1_history": [0.010000300523300672]}