{"train_history": [0.5853999853134155, 0.558146595954895, 0.5458235740661621, 0.5340984463691711, 0.5263120532035828, 0.519393265247345, 0.5078656673431396, 0.4982633590698242, 0.4880557954311371, 0.4756543040275574, 0.46008872985839844, 0.4428514540195465, 0.4260273277759552, 0.41345420479774475, 0.4022994041442871, 0.39326006174087524, 0.38603338599205017, 0.3778063654899597, 0.3697311282157898, 0.36378079652786255, 0.36037567257881165, 0.354488730430603, 0.34806156158447266, 0.34134891629219055, 0.3354877531528473, 0.3300527334213257, 0.3259464204311371, 0.31931453943252563, 0.31524407863616943, 0.31019914150238037, 0.30298030376434326, 0.30129697918891907, 0.29985305666923523, 0.2920590937137604, 0.286650687456131, 0.28674453496932983, 0.2824595868587494, 0.27921250462532043, 0.27739110589027405, 0.2766769826412201], "val_history": [0.5662258863449097, 0.5570785403251648, 0.5375103950500488, 0.5278829336166382, 0.5309908986091614, 0.5216200947761536, 0.5054101347923279, 0.49775809049606323, 0.48491501808166504, 0.4706832468509674, 0.4585859477519989, 0.4401260018348694, 0.4308541417121887, 0.41980746388435364, 0.4144531786441803, 0.4060998558998108, 0.4006492495536804, 0.3963540494441986, 0.3920882046222687, 0.3928489089012146, 0.39055171608924866, 0.3841463029384613, 0.38274112343788147, 0.3795805871486664, 0.37863537669181824, 0.37693461775779724, 0.374990850687027, 0.37255939841270447, 0.3703065514564514, 0.36882284283638, 0.3687503933906555, 0.36824831366539, 0.3685136139392853, 0.3655330538749695, 0.37057140469551086, 0.36362743377685547, 0.3632093369960785, 0.3632968068122864, 0.36642780900001526, 0.36473721265792847], "f1_history": [0.02749708884462892, 0.04676460389465796, 0.06400030938305214, 0.073916029378456, 0.092049055259497, 0.11265529194574142, 0.12911829254238272, 0.149254291285216, 0.17409873247643667, 0.2102412076328983, 0.22860652762952552, 0.2726563396196516, 0.2817710840718644, 0.3056767857197243, 0.32180746110410147, 0.34114197566257615, 0.35299235236466664, 0.36682653289139827, 0.3703080408524322, 0.3673852552187439, 0.37008847368460523, 0.38684808759384676, 0.3874916836486632, 0.397887517296396, 0.40842518369413977, 0.40702452495422836, 0.4056725605537529, 0.4114772996005916, 0.42212904886032543, 0.4259065253478483, 0.4283097397176457, 0.4202423812781035, 0.43388726828437946, 0.43444443380867975, 0.42710214723242634, 0.4360698634857824, 0.44168821432771255, 0.441103074688595, 0.4369505870228475, 0.4367762731246073]}