{"train_history": [1.3619595766067505, 0.906117856502533, 0.721437394618988, 0.6009466052055359, 0.5079667568206787, 0.4354885220527649, 0.3714955449104309, 0.3115047216415405, 0.2746821939945221, 0.22052253782749176, 0.18194252252578735, 0.1544603705406189, 0.13525520265102386, 0.11745011806488037, 0.10111180692911148, 0.08299830555915833, 0.08092983812093735, 0.06774986535310745, 0.05537765845656395, 0.05827849730849266, 0.047985244542360306, 0.056852493435144424, 0.04476819559931755, 0.03427506610751152, 0.036449186503887177, 0.03337402641773224, 0.037451159209012985, 0.03160027787089348, 0.030638232827186584, 0.027246128767728806], "val_history": [-0.5506264567375183, -0.649642825126648, -0.6959110498428345, -0.7090681195259094, -0.7414610385894775, -0.7581148743629456, -0.7781890034675598, -0.7888461351394653, -0.7963322997093201, -0.7897573709487915, -0.7994275689125061, -0.8216502666473389, -0.8038809895515442, -0.8293718099594116, -0.8283769488334656, -0.8263132572174072, -0.8267154693603516, -0.8310490846633911, -0.8396897912025452, -0.832042396068573, -0.8287801742553711, -0.8320960998535156, -0.8341781497001648, -0.8338061571121216, -0.8461287021636963, -0.8322471976280212, -0.8367749452590942, -0.8447638154029846, -0.8418045043945312, -0.8477438688278198], "f1_history": [0.6421459915045448, 0.7105767341445713, 0.7719553508536245, 0.7699692905562066, 0.7991551989000538, 0.8115052994547, 0.8254236274705247, 0.8278079393768472, 0.8320908925592089, 0.8251335139704083, 0.8379226086725796, 0.8469669009425302, 0.827011434212224, 0.8462299941744227, 0.8454549551656632, 0.8448985750948607, 0.8458486043851026, 0.8471728403616282, 0.8545146587152145, 0.8457996734296023, 0.8415393235503544, 0.8458228072087861, 0.8469232863134907, 0.847991686735717, 0.8579192024679325, 0.8448217218008264, 0.8524273069329574, 0.8604445197624522, 0.8515537890837757, 0.8599333217789603]}