{"train_history": [3.652674913406372, 2.8640496730804443, 2.4390833377838135, 2.1702144145965576, 1.9533095359802246, 1.7789604663848877, 1.6388167142868042, 1.5162752866744995, 1.391788363456726, 1.3044801950454712, 1.2069406509399414, 1.125505805015564, 1.0136346817016602, 0.9426254034042358, 0.8714608550071716, 0.8216693997383118, 0.7621090412139893, 0.7173196077346802, 0.6733983755111694, 0.6096099615097046, 0.5676130056381226, 0.540647566318512, 0.5243162512779236, 0.4680756628513336, 0.4082510471343994], "val_history": [-0.12564636766910553, -0.1963382363319397, -0.27615734934806824, -0.33055567741394043, -0.3555063009262085, -0.36435791850090027, -0.4069913923740387, -0.4163700342178345, -0.4139638841152191, -0.45081600546836853, -0.44255533814430237, -0.45561307668685913, -0.47012776136398315, -0.4670371115207672, -0.4697800576686859, -0.47732165455818176, -0.4701022803783417, -0.4779388904571533, -0.4807431399822235, -0.49647653102874756, -0.48832911252975464, -0.48076698184013367, -0.5032683610916138, -0.5232580304145813, -0.5058467984199524], "f1_history": [0.22298053138745555, 0.3358552001825192, 0.38203638591667793, 0.42819621134539304, 0.4618013928370244, 0.4824750637004914, 0.5026280167901208, 0.5168093285277924, 0.4966671537411434, 0.5254202098602317, 0.5410709179214919, 0.5457194649302678, 0.5496104834427831, 0.5374304428674476, 0.5395739092524585, 0.5400318356717305, 0.5489522026367399, 0.547357634936447, 0.5306310746533818, 0.5661290984461371, 0.558236912426668, 0.5438775179040515, 0.5640241502887513, 0.5703016298157068, 0.5516400099708717]}