{"train_history": [1.6737267971038818, 0.9993458986282349, 0.7801180481910706, 0.645418643951416, 0.5535340905189514, 0.4728562831878662, 0.40754032135009766, 0.35685211420059204, 0.3020966351032257, 0.25997570157051086, 0.21533378958702087, 0.1867637038230896, 0.15658795833587646, 0.13743910193443298, 0.11697103083133698, 0.10108847916126251, 0.09423647820949554, 0.07443547993898392, 0.07080348581075668, 0.06438419967889786, 0.05474601686000824, 0.05262048542499542, 0.05227114260196686, 0.04531298577785492, 0.04454249516129494, 0.03975948691368103, 0.03486340120434761, 0.03704287111759186, 0.02658499777317047, 0.03000044822692871], "val_history": [-0.5299239158630371, -0.6167375445365906, -0.687332034111023, -0.7109820246696472, -0.7300965785980225, -0.7513558268547058, -0.761776864528656, -0.781960129737854, -0.7853297591209412, -0.7941687703132629, -0.8064242601394653, -0.801927924156189, -0.8150951266288757, -0.8181700110435486, -0.8271178007125854, -0.8308414220809937, -0.8352950811386108, -0.8208217024803162, -0.832317590713501, -0.8432369232177734, -0.8152732849121094, -0.834571361541748, -0.8442909121513367, -0.8415195941925049, -0.8384217619895935, -0.8459623456001282, -0.8510909080505371, -0.8427312970161438, -0.8460063338279724, -0.8403782248497009], "f1_history": [0.6245962162527197, 0.7122013665965402, 0.7738442018587388, 0.784181485304363, 0.7816519969407676, 0.7995703379077854, 0.8045192192838294, 0.8231427668193537, 0.827199731502425, 0.8346071369146539, 0.8451427628001958, 0.8373071391990775, 0.8445539997306385, 0.8411150814441739, 0.8475885319303299, 0.8491350265379848, 0.8553003938591941, 0.8391727864062565, 0.84738809704109, 0.8581285695230877, 0.8280781868157927, 0.847957736226499, 0.85794191064576, 0.8552869294602484, 0.8484252919460192, 0.8576914004616082, 0.8640376771154475, 0.8532527591593666, 0.8577299764136719, 0.8508306292574899]}