{"train_history": [-0.49038171768188477, -0.7474026679992676, -0.7608789205551147, -0.7710197567939758, -0.7773131132125854, -0.7820250988006592, -0.7853766679763794, -0.7881118655204773, -0.7902580499649048, -0.7920995354652405, -0.7934930324554443, -0.8232839107513428, -0.8788651823997498, -0.8839401602745056, -0.8867562413215637, -0.8895645141601562, -0.8916784524917603, -0.9041268825531006, -0.9711740016937256, -0.9775854349136353, -0.9806596636772156, -0.9827948808670044, -0.9842188954353333, -0.9852085709571838, -0.9867770671844482, -0.9877421259880066, -0.9885096549987793, -0.9894638657569885, -0.9897847175598145, -0.9904184937477112, -0.9907626509666443, -0.9913049340248108], "val_history": [-0.7350976467132568, -0.7537866830825806, -0.7654406428337097, -0.7708194255828857, -0.7784342765808105, -0.7810472846031189, -0.784076452255249, -0.7867942452430725, -0.7857146859169006, -0.7886303067207336, -0.7911109924316406, -0.8678973317146301, -0.876917839050293, -0.8793871998786926, -0.8807833790779114, -0.8855922222137451, -0.8869971036911011, -0.9595896005630493, -0.9701637625694275, -0.9708476662635803, -0.9761792421340942, -0.978163480758667, -0.9771120548248291, -0.9766183495521545, -0.9787532091140747, -0.9790414571762085, -0.9815937876701355, -0.9811719655990601, -0.9824644923210144, -0.9817600250244141, -0.9822912216186523, -0.9824058413505554], "f1_history": [0.671906595932919, 0.6855880732759928, 0.6960874392383242, 0.702045347886616, 0.7081723991384792, 0.7111460350115691, 0.7144927254497738, 0.716766353918226, 0.7159303154647457, 0.7177853279074236, 0.7194831611576961, 0.8347765405108473, 0.8419985095337674, 0.8430244587324887, 0.8462456709913357, 0.8517760265255924, 0.8513914098789463, 0.9651962070113067, 0.9735937376294509, 0.9735645891209589, 0.9790047810212126, 0.9805992092185543, 0.97907941886273, 0.9787286452570368, 0.9810798172005679, 0.9810926150485416, 0.9829674661885239, 0.9835697111772932, 0.984070192478969, 0.982545205368538, 0.9841553991649056, 0.9839057696558329]}