{"train_history": [0.09623878449201584, 0.031541235744953156, 0.021335994824767113, 0.01684340089559555, 0.014227672480046749, 0.012062146328389645, 0.010808560997247696, 0.00924407783895731, 0.008331840857863426, 0.007449016906321049, 0.006984428968280554, 0.006165544036775827, 0.005715024191886187, 0.005125683266669512, 0.004655477125197649, 0.004349482711404562, 0.003850511508062482, 0.0035788302775472403, 0.0034468150697648525, 0.0030795515049248934, 0.002930210204795003, 0.002648432506248355, 0.002569936914369464, 0.0023691863752901554, 0.0023160718847066164, 0.002157806418836117], "val_history": [0.045851726084947586, 0.025563407689332962, 0.0227565485984087, 0.019432857632637024, 0.015965798869729042, 0.014444614760577679, 0.013590349815785885, 0.013439864851534367, 0.01276874914765358, 0.013386595994234085, 0.012033548206090927, 0.012160500511527061, 0.012048600241541862, 0.01113545149564743, 0.011128243058919907, 0.011246593669056892, 0.010944382287561893, 0.01099366508424282, 0.010334971360862255, 0.010784534737467766, 0.010197390802204609, 0.010344201698899269, 0.009782925248146057, 0.010154537856578827, 0.00993450079113245, 0.009877747856080532], "f1_history": [0.9454820442615035, 0.9674378104085394, 0.9722388012255619, 0.974488595743048, 0.9788908310651814, 0.9811006406745382, 0.983655394796202, 0.9831138823662775, 0.9829602093991672, 0.9837149190764919, 0.9848982366490201, 0.9842502645936815, 0.9842972368350954, 0.9860936235268795, 0.9854182676196075, 0.9854049267868148, 0.9857534238119249, 0.9859326174423022, 0.9871087858024314, 0.985936306631018, 0.9872788710581224, 0.986686987788171, 0.9877075266579347, 0.9868660132427429, 0.9871141156429055, 0.9875381383299446]}