{"train_history": [0.37373700737953186, 0.08829622715711594, 0.06058989092707634, 0.046491120010614395, 0.038481708616018295, 0.029537511989474297, 0.024764440953731537, 0.02034849487245083, 0.016901614144444466, 0.014381672255694866], "val_history": [0.1193462461233139, 0.08686918765306473, 0.07046736031770706, 0.055919863283634186, 0.056604187935590744, 0.0516841858625412, 0.04689325764775276, 0.048566654324531555, 0.05290687456727028, 0.049320418387651443], "f1_history": [0.964765825520989, 0.9730938768589767, 0.9808536177114646, 0.983309175880022, 0.9819572192159587, 0.9855105175027531, 0.9872005309575459, 0.9865234259572164, 0.9866122992793765, 0.9866150760824535]}