{"train_history": [0.10060007125139236, 0.02926141396164894, 0.020555682480335236, 0.016515536233782768, 0.0137680908665061, 0.01201377622783184, 0.010503710247576237, 0.009358655661344528, 0.008538399823009968, 0.007732013706117868, 0.006988456938415766, 0.006264138035476208, 0.005800260696560144, 0.0052674515172839165], "val_history": [0.03719513118267059, 0.02476845122873783, 0.01803944632411003, 0.016133172437548637, 0.014448683708906174, 0.016623063012957573, 0.012112886644899845, 0.012114264070987701, 0.010425169952213764, 0.010666967369616032, 0.009707710705697536, 0.010174309834837914, 0.009782275184988976, 0.011879405938088894], "f1_history": [0.9539054975786085, 0.9686702862383851, 0.9770109736516067, 0.9796584066535658, 0.9821999332787238, 0.9792756354629951, 0.9849154929670594, 0.9844678233388364, 0.9871863263700467, 0.9864969239690959, 0.9878078716907243, 0.9870124398789327, 0.9876310288077157, 0.9843503244636578]}