{"train_history": [-0.3358911871910095, -0.8221760392189026, -0.8531496524810791, -0.8676648139953613, -0.8750954270362854, -0.8833112120628357, -0.9618670344352722, -0.9688920378684998, -0.9724487662315369, -0.9752326011657715, -0.9770317673683167, -0.9793387055397034, -0.9805206060409546, -0.9816906452178955, -0.9825335144996643, -0.9833648800849915, -0.9844263792037964, -0.9853684306144714, -0.9859630465507507, -0.9867066740989685, -0.9876731038093567, -0.9882423877716064, -0.9886923432350159, -0.9893475770950317, -0.9896754026412964, -0.9902814626693726, -0.9907440543174744, -0.9911746382713318, -0.9914848208427429, -0.9916609525680542, -0.9917923212051392, -0.9922155141830444, -0.9928181767463684, -0.9926702380180359, -0.9929050207138062, -0.9933335185050964], "val_history": [-0.7648364901542664, -0.8365423679351807, -0.8592575788497925, -0.869864821434021, -0.8761037588119507, -0.9465314745903015, -0.9689963459968567, -0.9670612215995789, -0.9738271236419678, -0.9766308069229126, -0.976402759552002, -0.9774270057678223, -0.9778370261192322, -0.9790788292884827, -0.9800719022750854, -0.9813258051872253, -0.9801959991455078, -0.9827530980110168, -0.9830303192138672, -0.9835386276245117, -0.9832460880279541, -0.9840961694717407, -0.9836857318878174, -0.9831633567810059, -0.9852652549743652, -0.9862319231033325, -0.9860949516296387, -0.9861124753952026, -0.9862439036369324, -0.9857614040374756, -0.985872209072113, -0.9868717789649963, -0.9868758916854858, -0.9849545955657959, -0.9866502285003662, -0.9866517782211304], "f1_history": [0.7565574362703927, 0.8060232468831456, 0.8261158242633054, 0.83704393357473, 0.8415341210987103, 0.952878869734345, 0.9728089041441716, 0.9712716590273055, 0.9759591304761336, 0.9798173296112834, 0.9782509762535183, 0.979027375981636, 0.9793108933190082, 0.9804175183226421, 0.9813182901211235, 0.9832370713057212, 0.9820605382577308, 0.9841391517200829, 0.9850890203928291, 0.9850864422238945, 0.9844713608720883, 0.9857083825932406, 0.9845658038900397, 0.9845721374772793, 0.9864070269612893, 0.9877200757340998, 0.9871923328459526, 0.9870178749600629, 0.9871904508880702, 0.9868418634226849, 0.986668188667559, 0.9877217499620463, 0.9874574039336531, 0.9853653446518676, 0.9872846761709746, 0.9879845503624872]}