{"train_history": [0.35546770691871643, 0.08824597299098969, 0.06059151142835617, 0.04772850126028061, 0.038587309420108795, 0.03263738006353378, 0.026935070753097534, 0.02259735018014908, 0.019295459613204002, 0.015986040234565735, 0.01367765013128519], "val_history": [0.12249096482992172, 0.076111800968647, 0.06679168343544006, 0.053631752729415894, 0.04925702512264252, 0.04658757150173187, 0.048003651201725006, 0.044083502143621445, 0.045699309557676315, 0.050280604511499405, 0.04458347707986832], "f1_history": [0.9615912834608238, 0.976465950852713, 0.9792481657919442, 0.9835048961633562, 0.9850770851664611, 0.986173427340938, 0.9846921387990919, 0.9866588748690326, 0.986998381841989, 0.9854237916493633, 0.9864982066778942]}