{"train_history": [0.37996044754981995, 0.09603141248226166, 0.06293009221553802, 0.04549897089600563, 0.036094121634960175, 0.029486946761608124, 0.023284096270799637, 0.019726751372218132, 0.015250219963490963], "val_history": [0.12666943669319153, 0.0777280405163765, 0.059601791203022, 0.05327560752630234, 0.052796680480241776, 0.0469699390232563, 0.04699990898370743, 0.04916009679436684, 0.05072746425867081], "f1_history": [0.9626520608102881, 0.977259562334337, 0.9818450007982003, 0.9843303359014841, 0.983990536880995, 0.9851668326976681, 0.9863435084327751, 0.9851767248672071, 0.9857788840745267]}