{"train_history": [4.310136795043945, 3.6933844089508057, 3.3962948322296143, 3.1928207874298096, 3.022331476211548, 2.860121011734009, 2.7014551162719727, 2.5433602333068848, 2.375643491744995, 2.207808256149292, 2.0266904830932617], "val_history": [3.895775079727173, 3.5278210639953613, 3.3404881954193115, 3.2191576957702637, 3.127556800842285, 3.0696487426757812, 3.1184184551239014, 3.0414485931396484, 3.076853036880493, 3.1298861503601074, 3.235905885696411], "f1_history": [0.07254028989078756, 0.1525952925891201, 0.17849865320946168, 0.21415577108655742, 0.2313361228224377, 0.24402091699293488, 0.2353008051844226, 0.24957559403493274, 0.2619154687356336, 0.2701937446949502, 0.2679965070884186]}