{"train_history": [0.4964640736579895, 0.4908643066883087, 0.4865596294403076, 0.48186343908309937, 0.4771266579627991, 0.47237685322761536, 0.46765902638435364, 0.4629117548465729, 0.4579084813594818, 0.4523846209049225, 0.44731175899505615, 0.44200727343559265, 0.43664151430130005, 0.43105825781822205, 0.4257128834724426, 0.42013853788375854, 0.41441264748573303, 0.4084055423736572, 0.40242260694503784, 0.39617684483528137, 0.38941675424575806, 0.38171738386154175], "val_history": [0.49303096532821655, 0.48895126581192017, 0.48489272594451904, 0.48062974214553833, 0.47648343443870544, 0.47303301095962524, 0.468075692653656, 0.46512797474861145, 0.4609721601009369, 0.45834457874298096, 0.4546082019805908, 0.454815536737442, 0.45046761631965637, 0.44970643520355225, 0.4476604461669922, 0.4456925690174103, 0.4453433156013489, 0.44488266110420227, 0.4445909559726715, 0.44526436924934387, 0.44881123304367065, 0.44802066683769226], "f1_history": [0.02598722879831122, 0.05126130771108942, 0.0670677413560627, 0.08525560735565105, 0.11617230338803276, 0.12685180725344486, 0.14268936311622718, 0.15888547776136025, 0.17379869929332223, 0.18428116556973398, 0.19761922901461337, 0.20229131726227612, 0.21658462152245056, 0.21634735700324464, 0.2290653599373934, 0.234555410500985, 0.24088320636082516, 0.24683639197351423, 0.25323832881418296, 0.24898481388699542, 0.2527670713785079, 0.25514228275044765]}